image_id,filename,image_description,expected_moods,scene_type,model_name,poem_id,poem_title,poem_author,retrieval_score,retrieval_extra,semantic_fit,emotional_fit,overall_resonance,rationale
1,1_beach_sunny.jpg,Sunny beach,"joyful, open, bright",dominant_subject,track_1_clip_semantic,1576,[Ocean which I pushed up],Joshua Beckman,0.2549091577529907,,4,4,4,"The poem directly addresses the beach scene with vivid imagery of ocean, sand, and sunlight that matches the image's visible content. The emotional tone captures both the warmth and brightness of the sunny beach while introducing a subtle melancholic undercurrent about transience, which resonates with the golden, ephemeral quality of the sunset lighting. The pairing feels poetically compelling, though the poem's darker philosophical turn slightly tempers the purely joyful mood suggested by the metadata."
1,1_beach_sunny.jpg,Sunny beach,"joyful, open, bright",dominant_subject,track_2_blip_caption,1684,The Ocean,Nathaniel Hawthorne,0.7861533761024475,"Consensus caption: beach, wave, ocean, surfboard",3,2,2,"The poem addresses the ocean and waves, which are visible in the image, providing basic semantic alignment. However, the poem's focus on deep caves, silence, and hidden depths contrasts sharply with the image's bright, sunlit, energetic beach scene. The melancholic, introspective tone of the poem poorly matches the joyful, open, and luminous mood conveyed by the golden hour lighting and dynamic waves."
1,1_beach_sunny.jpg,Sunny beach,"joyful, open, bright",dominant_subject,track_3_clip_sbert_mood,6666,To a Deaf and Dumb Little Girl,Hartley Coleridge,0.28177569806575775,"Expanded mood query: something that feels overwhelmingly sublime and deeply peaceful, somewhat lonely, with hints of surreal and contemplative, with themes of open space, distance, expanse, wonder, grandeur, ease, breath, soft light, settling, quiet, isolation, absence, solitude, distance, waiting",2,3,2,"The poem's central subject is a deaf and dumb girl and themes of isolation/solitude, which do not match the image's visible content of a sunny beach scene. However, the poem's emotional tone of solitude, contemplation, and peaceful acceptance aligns moderately with the retrieval model's mood query. The pairing feels conceptually mismatched despite some atmospheric overlap—the poem's darkness and human suffering contrast with the image's bright, joyful beach setting."
1,1_beach_sunny.jpg,Sunny beach,"joyful, open, bright",dominant_subject,track_4_handcrafted_cv,6614,I dwell in Possibility – (466),Emily Dickinson,0.28301285207271576,"Expanded handcrafted query: something that feels overwhelmingly cozy and deeply hopeful, somewhat sublime, with hints of peaceful and contemplative, with themes of shelter, comfort, home, softness, belonging, dawn, possibility, growth, renewal, aspiration, open space, distance, expanse, wonder, grandeur; warm=0.731, brightness=0.666, contrast=0.606, edge_density=0.042",2,4,3,"The poem's imagery of sky, openness, and expansive space aligns with the beach scene's vast horizon and bright atmosphere, but the poem's central metaphor of a 'house' of possibility lacks direct connection to the visible beach, ocean, and sand. The emotional tone of hope, wonder, and sublime contemplation matches the image's bright, uplifting mood very well. While the pairing captures a shared sense of aspiration and openness, the semantic disconnect between domestic/architectural language and the natural seascape limits overall resonance."
1,1_beach_sunny.jpg,Sunny beach,"joyful, open, bright",dominant_subject,rerank_retrieve,5478,“The great sea ...”,Uvavnuk,0.7121963812741864,Integrated rerank using content candidates from Track 1/2 and mood scoring from Track 3/4.,4,5,5,"The poem directly addresses the sea, wind, and earth—all prominent visual elements in this beach scene. The imagery of water's movement and natural forces aligns perfectly with the visible waves and coastal setting. The emotional tone of joy and liberation matches the bright, open, uplifting atmosphere conveyed by the golden sunlight and expansive seascape. The pairing creates a compelling resonance between the poem's celebration of natural forces and the image's serene yet dynamic beach environment."
2,2_beach_empty.jpg,Empty beach at dusk,"lonely, reflective, melancholic",dominant_subject,track_1_clip_semantic,5159,History Lesson,Natasha Trethewey,0.2814345955848694,,2,3,2,"While the poem depicts a beach scene with similar visual elements (sand, water, solitude), it focuses on a populated moment with a child and grandmother, contrasting sharply with the image's empty, desolate beach. The poem's primary subject is racial history and family memory rather than the barren, contemplative landscape shown. The emotional melancholy differs—the poem centers on resilience and historical reflection, while the image conveys isolation and quietude."
2,2_beach_empty.jpg,Empty beach at dusk,"lonely, reflective, melancholic",dominant_subject,track_2_blip_caption,1684,The Ocean,Nathaniel Hawthorne,0.7534782886505127,"Consensus caption: beach, ocean, surfboard",3,4,3,"The poem addresses the ocean and its depths, which matches the beach/ocean setting visible in the image, though it doesn't directly reference the empty beach, dunes, or wooden structure. The poem's contemplative tone about silence, solitude, and hidden depths aligns well with the melancholic, lonely atmosphere of the empty dusk beach. However, the pairing feels somewhat generic—the poem could apply to many ocean scenes and doesn't capture the specific visual emptiness or architectural elements present in this particular image."
2,2_beach_empty.jpg,Empty beach at dusk,"lonely, reflective, melancholic",dominant_subject,track_3_clip_sbert_mood,8307,Sanctuary,Jean Valentine,0.2983073592185974,"Expanded mood query: something that feels overwhelmingly lonely and deeply peaceful, somewhat desolate, with hints of sublime and mysterious, with themes of isolation, absence, solitude, distance, waiting, ease, breath, soft light, settling, quiet, abandonment, emptiness, ruins, decay, silence",2,4,3,"The poem focuses on interpersonal dialogue, solitude, and existential questions about death and connection, which doesn't directly match the image's visible content of an empty beach with a wooden structure. However, the poem's exploration of solitude, silence, listening, and the weight of absence aligns strongly with the melancholic, lonely atmosphere of the desolate beach scene. The pairing creates emotional resonance through shared themes of isolation and introspection, though the semantic disconnect between intimate human conversation and empty landscape limits overall coherence."
2,2_beach_empty.jpg,Empty beach at dusk,"lonely, reflective, melancholic",dominant_subject,track_4_handcrafted_cv,8407,Upon Time and Eternity,John Bunyan,0.2411327138543129,"Expanded handcrafted query: something that feels overwhelmingly surreal and deeply sublime, somewhat mysterious, with hints of chaotic and cozy, with themes of dream, distortion, unreality, hallucination, otherworldly, open space, distance, expanse, wonder, grandeur, uncertainty, shadows, strangeness, fear, mystery; warm=0.471, brightness=0.587, contrast=0.865, edge_density=0.326",2,2,2,"The poem is an abstract philosophical meditation on time and eternity using geometric metaphors (ring, measure), which has minimal connection to the image's concrete visual content of an empty beach, dunes, and wooden structure. While the image evokes vastness and timelessness, the poem's intellectual abstraction about temporal concepts doesn't engage with the beach's sensory or atmospheric qualities. The expected moods of loneliness and melancholy are absent from Bunyan's detached, metaphysical verse."
2,2_beach_empty.jpg,Empty beach at dusk,"lonely, reflective, melancholic",dominant_subject,rerank_retrieve,1684,The Ocean,Nathaniel Hawthorne,0.6888120273202826,Integrated rerank using content candidates from Track 1/2 and mood scoring from Track 3/4.,3,4,3,"The poem references the ocean and its depths, which aligns with the beach setting, though it focuses on underwater caves rather than the visible beach landscape. The emotional tone of quietness, solitude, and melancholy matches the image's lonely, reflective atmosphere well. However, the pairing feels somewhat indirect—the poem's meditation on hidden depths beneath surface turbulence doesn't directly engage with the image's primary visual content of an empty, calm beach at dusk."
3,3_forest_peaceful.jpg,Forest in soft daylight,"peaceful, calm, restorative",dominant_subject,track_1_clip_semantic,8116,Hawk,Wendy Videlock,0.27110064029693604,,4,3,3,"The poem directly addresses forest imagery with vivid color language ('green is green and blue is blue') that matches the image's lush, verdant aesthetic. However, the poem's focus on a wounded hawk and solitary discovery introduces narrative elements not visually present in the peaceful, unpopulated forest scene. While semantically aligned with the forest setting, the poem's darker undertones of injury and isolation don't fully capture the serene, restorative mood conveyed by the soft daylight and tranquil atmosphere."
3,3_forest_peaceful.jpg,Forest in soft daylight,"peaceful, calm, restorative",dominant_subject,track_2_blip_caption,880,Little or Nothing,Ken Mikolowski,0.7345480918884277,"Consensus caption: forest, trees, leaves, light, sunlight, green leaves",4,4,4,"The poem directly addresses the image's primary visual content—layered trees receding into misty distance—capturing the sense of depth and repetition visible in the forest. The minimalist language and focus on trees, sky, and the vastness beyond mirrors the image's atmospheric perspective and contemplative mood. The poem's spare, meditative tone aligns well with the peaceful, restorative qualities of the soft-lit forest scene."
3,3_forest_peaceful.jpg,Forest in soft daylight,"peaceful, calm, restorative",dominant_subject,track_3_clip_sbert_mood,865,Inventing a Horse,Meghan O'Rourke,0.2510290592908859,"Expanded mood query: something that feels overwhelmingly peaceful and deeply mysterious, somewhat cozy, with hints of sublime and surreal, with themes of ease, breath, soft light, settling, quiet, uncertainty, shadows, strangeness, fear, mystery, shelter, comfort, home, softness, belonging",2,3,2,"The poem's primary subject is a horse and the act of inventing/caring for one, which has minimal direct connection to the forest landscape visible in the image. While the poem contains forest imagery (tree roots, timber wolves, fluent trees), these are peripheral details rather than central themes. The emotional tone of quiet contemplation and gentle care aligns somewhat with the image's peaceful atmosphere, but the semantic mismatch between the poem's focus on animal husbandry and the image's emphasis on natural forest scenery limits overall resonance."
3,3_forest_peaceful.jpg,Forest in soft daylight,"peaceful, calm, restorative",dominant_subject,track_4_handcrafted_cv,7012,[the day shifts . . .],kari edwards,0.2582475543022156,"Expanded handcrafted query: something that feels overwhelmingly surreal and deeply mysterious, somewhat tense, with hints of desolate and lonely, with themes of dream, distortion, unreality, hallucination, otherworldly, uncertainty, shadows, strangeness, fear, mystery, pressure, conflict, urgency, unease, strain; warm=0.542, brightness=0.317, contrast=0.861, edge_density=0.292",2,2,2,"The poem's abstract, fragmented language about fear, violence, and existential confusion does not match the image's concrete forest setting with visible trees, foliage, and natural elements. While the image contains some mist and atmospheric qualities, the poem's surreal, dystopian tone fundamentally conflicts with the peaceful, restorative mood evident in the soft daylight and verdant forest. The retrieval model appears to have misinterpreted the image's subtle atmospheric qualities as indicators of mystery and unease, when the dominant impression is calm and natural serenity."
3,3_forest_peaceful.jpg,Forest in soft daylight,"peaceful, calm, restorative",dominant_subject,rerank_retrieve,8116,Hawk,Wendy Videlock,0.6840630393508688,Integrated rerank using content candidates from Track 1/2 and mood scoring from Track 3/4.,4,3,3,"The poem directly addresses forest imagery with vivid color language ('green is green and blue is blue') that matches the image's lush, verdant aesthetic. However, the poem's focus on a wounded hawk and solitary discovery creates a more introspective, melancholic tone than the image's serene, restorative atmosphere. While semantically aligned, the emotional registers diverge—the image conveys peaceful calm while the poem suggests isolation and injury."
4,4_forest_foggy.jpg,Foggy forest,"mysterious, tense, uncertain",dominant_subject,track_1_clip_semantic,8116,Hawk,Wendy Videlock,0.28642746806144714,,3,2,2,"The poem references a forest setting which matches the image's landscape, but focuses on a hawk and wildlife encounter rather than the foggy, atmospheric qualities visible in the image. The poem's tone is observational and somewhat whimsical, which contrasts with the image's mysterious, tense, and uncertain mood. While both involve forests, the pairing lacks cohesion between the poem's specific narrative and the image's dominant atmospheric qualities."
4,4_forest_foggy.jpg,Foggy forest,"mysterious, tense, uncertain",dominant_subject,track_2_blip_caption,880,Little or Nothing,Ken Mikolowski,0.8296148180961609,"Consensus caption: dark, trees, dark tree",4,4,4,"The poem directly addresses the image's primary visual content—dense trees receding into foggy distance—with its iterative structure of 'trees...and beyond these trees, trees.' The minimalist language captures the foggy forest's sense of obscured depth and visual uncertainty. The mood of mystery and the contemplative tone align well with the image's atmospheric tension, creating a cohesive and poetically resonant pairing."
4,4_forest_foggy.jpg,Foggy forest,"mysterious, tense, uncertain",dominant_subject,track_3_clip_sbert_mood,865,Inventing a Horse,Meghan O'Rourke,0.27630583941936493,"Expanded mood query: something that feels overwhelmingly mysterious and deeply dark, somewhat cozy, with hints of peaceful and lonely, with themes of uncertainty, shadows, strangeness, fear, mystery, shadow, night, dread, weight, obscurity, shelter, comfort, home, softness, belonging",1,2,1,"The poem is about inventing and caring for a horse, with imagery of fences, harnesses, tree roots, and fields—none of which appear in or relate to the foggy forest image. While the poem contains some dark/mysterious elements (timber wolves, shadows), it is fundamentally about domestication, care, and love rather than the mysterious, tense, uncertain atmosphere of the misty woodland scene. The pairing lacks meaningful semantic or thematic connection."
4,4_forest_foggy.jpg,Foggy forest,"mysterious, tense, uncertain",dominant_subject,track_4_handcrafted_cv,4446,The Illiterate,William Meredith,0.3137410283088684,"Expanded handcrafted query: something that feels overwhelmingly desolate and deeply lonely, somewhat melancholic, with hints of dark and mysterious, with themes of abandonment, emptiness, ruins, decay, silence, isolation, absence, solitude, distance, waiting, sadness, memory, loss, longing, grief; warm=0.443, brightness=0.147, contrast=0.325, edge_density=0.033",2,3,2,"The poem's central metaphor of an illiterate man with an unread letter shares thematic territory with the image's sense of mystery and uncertainty, but lacks direct semantic connection to the foggy forest setting, isolation, or visual elements. The emotional tone of longing, fear, and ambiguity aligns moderately with the image's mysterious atmosphere, though the poem's focus on human relationships and literacy feels tangential to the desolate, abandoned landscape depicted. The pairing feels conceptually loose rather than compelling."
4,4_forest_foggy.jpg,Foggy forest,"mysterious, tense, uncertain",dominant_subject,rerank_retrieve,8116,Hawk,Wendy Videlock,0.6712242940454761,Integrated rerank using content candidates from Track 1/2 and mood scoring from Track 3/4.,3,2,2,"The poem references a forest setting which matches the image's landscape, but focuses on a hawk and wildlife encounter rather than the foggy, atmospheric qualities visible in the image. The poem's tone is observational and somewhat whimsical, which contrasts with the image's mysterious, tense, and uncertain mood created by the heavy fog and darkness. While both involve forests, the pairing lacks emotional and thematic cohesion."
5,5_city_crowded.jpg,Crowded city street,"energetic, chaotic, alive",multi_object,track_1_clip_semantic,5152,The Songs of Maximus: SONG 2,Charles Olson,0.24780452251434326,,2,3,2,"The poem's fragmented language and existential questioning about movement and bodies tangentially relates to the crowded urban scene, but lacks direct reference to visible elements like shops, signs, or pedestrian activity. The emotional tone of existential dread and morbidity (buried bodies, graves) partially matches the chaotic energy of the street, though the poem's darkness contrasts with the vibrant, commercial atmosphere. The pairing feels thematically disconnected despite both addressing urban spaces and human density."
5,5_city_crowded.jpg,Crowded city street,"energetic, chaotic, alive",multi_object,track_2_blip_caption,9120,[Un Citadin / A City Dweller],Jacques Réda,0.8377121686935425,"Consensus caption: street, people, walking, people walking, city, shopping, crowded street",4,3,4,"The poem directly addresses walking through city streets and the experience of being among crowds, matching the image's core subject matter. However, the poem's introspective, philosophical tone about transcendence and existential dissolution contrasts with the image's energetic, chaotic, and materially vibrant shopping street atmosphere. The pairing creates interesting tension between the poem's meditative abstraction and the image's concrete sensory abundance, yielding compelling but somewhat misaligned emotional resonance."
5,5_city_crowded.jpg,Crowded city street,"energetic, chaotic, alive",multi_object,track_3_clip_sbert_mood,2376,My Mother's Music,Emilie Buchwald,0.25868213176727295,"Expanded mood query: something that feels overwhelmingly chaotic and deeply cozy, somewhat nostalgic, with hints of tense and surreal, with themes of noise, confusion, frenzy, disorder, overwhelm, shelter, comfort, home, softness, belonging, memory, childhood, past, return, bittersweetness",1,2,1,"The poem is entirely about intimate domestic scenes of childhood and piano music, with no connection to the image's crowded urban street setting, commercial signage, or masses of people. While the poem does evoke nostalgia and melancholy as mentioned in the mood query, it lacks any semantic grounding in the visual content. The pairing feels arbitrary rather than meaningfully resonant."
5,5_city_crowded.jpg,Crowded city street,"energetic, chaotic, alive",multi_object,track_4_handcrafted_cv,8407,Upon Time and Eternity,John Bunyan,0.23102612048387527,"Expanded handcrafted query: something that feels overwhelmingly surreal and deeply mysterious, somewhat sublime, with hints of cozy and chaotic, with themes of dream, distortion, unreality, hallucination, otherworldly, uncertainty, shadows, strangeness, fear, mystery, open space, distance, expanse, wonder, grandeur; warm=0.698, brightness=0.495, contrast=1.000, edge_density=0.260",1,1,1,"The poem is a philosophical meditation on time and eternity using abstract metaphors of rings and measures, with no connection to the image's concrete urban setting, crowded street scene, or visible commercial environment. The poem's contemplative, abstract nature directly contradicts the energetic, chaotic, and visually dense atmosphere of the bustling city street. There is no semantic or thematic overlap between the metaphysical content and the image's documented subject matter."
5,5_city_crowded.jpg,Crowded city street,"energetic, chaotic, alive",multi_object,rerank_retrieve,5327,The Market-Place,Walter de La Mare,0.7088979391215813,Integrated rerank using content candidates from Track 1/2 and mood scoring from Track 3/4.,4,4,4,"The poem's central metaphor of a 'clamorous market-place' with voices in 'tumult,' 'chaffering and laughing, pushing for a place' directly parallels the crowded urban street scene with its dense throngs of people. The poem captures the energetic chaos and sensory overload visible in the image—the bustling crowds, commercial signage, and visual cacophony. While the poem's introspective turn toward melancholy and hidden sadness adds a contemplative layer not explicitly visible in the photograph, this deepens rather than contradicts the pairing, creating meaningful resonance between external chaos and internal complexity."
6,6_city_empty.jpg,Empty city street at night,"isolated, quiet, uneasy",multi_object,track_1_clip_semantic,6353,The Great Figure,William Carlos Williams,0.2691894769668579,,2,2,2,"While both the image and poem depict nighttime urban scenes, the poem focuses on a moving firetruck with active sensory details (siren, gong clangs, rumbling), whereas the image shows a completely empty, still street with no vehicles or movement. The poem's energy and urgency directly contradict the image's quiet, isolated atmosphere. The semantic mismatch between dynamic action and static emptiness prevents meaningful resonance."
6,6_city_empty.jpg,Empty city street at night,"isolated, quiet, uneasy",multi_object,track_2_blip_caption,2296,Fireflies,Frank Ormsby,0.7230478525161743,"Consensus caption: light, street, night, lights, city, buildings, street lights",2,2,2,"The poem focuses on fireflies in a natural garden setting with porch lamps and trees, while the image depicts an urban street with streetlights, buildings, and tram tracks at night. Though both involve nighttime lights, the semantic content diverges significantly—one is nature-centered and intimate, the other is architectural and expansive. The poem's contemplative, whimsical tone about natural phenomena contrasts with the image's stark, isolated, and somewhat uneasy urban atmosphere."
6,6_city_empty.jpg,Empty city street at night,"isolated, quiet, uneasy",multi_object,track_3_clip_sbert_mood,8307,Sanctuary,Jean Valentine,0.2947692275047302,"Expanded mood query: something that feels overwhelmingly lonely and deeply mysterious, somewhat desolate, with hints of dark and contemplative, with themes of isolation, absence, solitude, distance, waiting, uncertainty, shadows, strangeness, fear, mystery, abandonment, emptiness, ruins, decay, silence",2,4,3,"The poem's semantic content focuses on interpersonal connection, dialogue, and existential questions about death and listening—elements largely absent from the empty urban street image. However, the poem's emotional landscape of isolation, uncertainty, silence, and existential dread aligns strongly with the image's mood. The pairing creates resonance through shared atmosphere rather than literal correspondence, though the disconnect between the poem's intimate human focus and the image's desolate emptiness limits overall coherence."
6,6_city_empty.jpg,Empty city street at night,"isolated, quiet, uneasy",multi_object,track_4_handcrafted_cv,3462,From “The Invention of Influence”,Peter Cole,0.24915533512830734,"Expanded handcrafted query: something that feels overwhelmingly mysterious and deeply surreal, somewhat desolate, with hints of lonely and melancholic, with themes of uncertainty, shadows, strangeness, fear, mystery, dream, distortion, unreality, hallucination, otherworldly, abandonment, emptiness, ruins, decay, silence; warm=0.476, brightness=0.236, contrast=0.734, edge_density=0.071",1,2,1,"The poem discusses Freud's concept of cryptomnesia and hidden memory channels—abstract philosophical content with no connection to the image's visible elements (empty street, tram tracks, nighttime urban setting, architecture). While the poem's themes of obscurity and hidden meanings could tangentially relate to the image's mysterious atmosphere, there is no semantic overlap with the concrete scene depicted. The pairing feels arbitrary rather than meaningfully resonant."
6,6_city_empty.jpg,Empty city street at night,"isolated, quiet, uneasy",multi_object,rerank_retrieve,4374,After Midnight,Louis Simpson,0.6932053563123535,Integrated rerank using content candidates from Track 1/2 and mood scoring from Track 3/4.,4,5,4,"The poem directly addresses deserted dark streets at night with specific urban imagery (drugstore, garage, dark houses) that closely matches the image's empty city street setting. The emotional tone of isolation, unease, and existential dread perfectly captures the image's atmospheric mood. The pairing creates a compelling resonance between the visual emptiness and the poem's exploration of urban solitude and displacement."
7,7_room_cozy.jpg,Cozy room corner,"intimate, safe, nostalgic",multi_object,track_1_clip_semantic,8275,Thompson’s Lunch Room—Grand Central Station,Amy Lowell,0.2651471495628357,,1,1,1,"The poem describes a busy, sterile lunch room at Grand Central Station with white surfaces, commercial kitchen activity, and crowds—a stark contrast to the intimate, cozy personal room corner shown in the image. The image features warm wicker furniture, personal artwork, books, plants, and soft lighting, while the poem focuses on clinical whites, institutional spaces, and impersonal commercial activity. There is virtually no overlap in setting, objects, or atmosphere between the two."
7,7_room_cozy.jpg,Cozy room corner,"intimate, safe, nostalgic",multi_object,track_2_blip_caption,3443,I sat in the sun,Jane Hirshfield,0.798538327217102,"Consensus caption: room, table, living room, chair, lamp",2,3,2,"The poem mentions a chair and sunlight, which appear in the image, but the poem's focus on direct sunlight and the act of sitting in sun doesn't match the image's warm artificial lighting and interior setting. The emotional tone of contemplative stillness and hunger/fasting creates some resonance with the intimate, nostalgic mood of the cozy room, but the specific imagery diverges significantly from the cluttered, eclectic interior space depicted."
7,7_room_cozy.jpg,Cozy room corner,"intimate, safe, nostalgic",multi_object,track_3_clip_sbert_mood,865,Inventing a Horse,Meghan O'Rourke,0.2628822773694992,"Expanded mood query: something that feels overwhelmingly cozy and deeply lonely, somewhat nostalgic, with hints of mysterious and playful, with themes of shelter, comfort, home, softness, belonging, isolation, absence, solitude, distance, waiting, memory, childhood, past, return, bittersweetness",2,3,2,"The poem's central subject—inventing/imagining a horse and the care required to sustain it—has minimal direct connection to the image's visible content of a cozy room with wicker furniture, books, plants, and personal artifacts. While both evoke introspection and domesticity, the poem's extended meditation on an absent animal and imaginative labor doesn't align with the room's tangible, lived-in comfort. The emotional resonance is moderate: both share nostalgic and intimate qualities, but the poem's focus on absence and the difficulty of sustaining imagination feels somewhat tangential to the room's atmosphere of settled belonging and shelter."
7,7_room_cozy.jpg,Cozy room corner,"intimate, safe, nostalgic",multi_object,track_4_handcrafted_cv,3462,From “The Invention of Influence”,Peter Cole,0.24915533512830734,"Expanded handcrafted query: something that feels overwhelmingly mysterious and deeply surreal, somewhat desolate, with hints of lonely and melancholic, with themes of uncertainty, shadows, strangeness, fear, mystery, dream, distortion, unreality, hallucination, otherworldly, abandonment, emptiness, ruins, decay, silence; warm=0.624, brightness=0.211, contrast=0.784, edge_density=0.147",1,2,1,"The poem discusses Freud's concept of cryptomnesia and hidden memory channels—abstract philosophical content with no connection to the image's visible elements (wicker furniture, plants, books, warm lighting, cozy interior). While the poem's themes of memory and hidden knowledge might tangentially relate to nostalgia, the semantic mismatch is severe. The emotional tone is intellectual and contemplative rather than intimate or safe, contradicting the image's cozy, welcoming atmosphere."
7,7_room_cozy.jpg,Cozy room corner,"intimate, safe, nostalgic",multi_object,rerank_retrieve,9205,Here,Samuel Menashe,0.6402381792188774,Integrated rerank using content candidates from Track 1/2 and mood scoring from Track 3/4.,4,4,4,"The poem's reference to 'this old flat' directly matches the intimate interior space shown, with its vintage furnishings, accumulated objects, and lived-in atmosphere. The themes of haunting presence and aftermath align well with the nostalgic, memory-laden quality of the room's eclectic décor and personal collections. The emotional tone of quiet melancholy and introspection resonates strongly with the intimate, somewhat solitary mood conveyed by the warm lighting and solitary space."
8,8_room_confined.jpg,"Dim, messy, confined room","anxious, lonely, stagnant",multi_object,track_1_clip_semantic,,,,,,,,,"ERROR: Anthropic HTTP error 400: {""type"":""error"",""error"":{""type"":""invalid_request_error"",""message"":""messages.0.content.0.image.source.base64: The image was specified using the image/jpeg media type, but the image appears to be a image/webp image""},""request_id"":""req_011Cba5fimrPsHGo8aUMbCA7""}"
8,8_room_confined.jpg,"Dim, messy, confined room","anxious, lonely, stagnant",multi_object,track_2_blip_caption,,,,,,,,,"ERROR: Anthropic HTTP error 400: {""type"":""error"",""error"":{""type"":""invalid_request_error"",""message"":""messages.0.content.0.image.source.base64: The image was specified using the image/jpeg media type, but the image appears to be a image/webp image""},""request_id"":""req_011Cba5ggG5JYJwTnwDAJb5M""}"
8,8_room_confined.jpg,"Dim, messy, confined room","anxious, lonely, stagnant",multi_object,track_3_clip_sbert_mood,,,,,,,,,"ERROR: Anthropic HTTP error 400: {""type"":""error"",""error"":{""type"":""invalid_request_error"",""message"":""messages.0.content.0.image.source.base64: The image was specified using the image/jpeg media type, but the image appears to be a image/webp image""},""request_id"":""req_011Cba5hEFfq97Z1FSkKuH9m""}"
8,8_room_confined.jpg,"Dim, messy, confined room","anxious, lonely, stagnant",multi_object,track_4_handcrafted_cv,,,,,,,,,"ERROR: Anthropic HTTP error 400: {""type"":""error"",""error"":{""type"":""invalid_request_error"",""message"":""messages.0.content.0.image.source.base64: The image was specified using the image/jpeg media type, but the image appears to be a image/webp image""},""request_id"":""req_011Cba5hn18NtMgZqwoEW1BA""}"
8,8_room_confined.jpg,"Dim, messy, confined room","anxious, lonely, stagnant",multi_object,rerank_retrieve,,,,,,,,,"ERROR: Anthropic HTTP error 400: {""type"":""error"",""error"":{""type"":""invalid_request_error"",""message"":""messages.0.content.0.image.source.base64: The image was specified using the image/jpeg media type, but the image appears to be a image/webp image""},""request_id"":""req_011Cba5inqWjVAQwJerECkyB""}"
9,9_person_friends.jpg,Person with friends,"social, warm, connected",dominant_subject,track_1_clip_semantic,4038,"House of Fact, House of Ruin",Tom Sleigh,0.2671026885509491,,1,1,1,"The poem is an abstract philosophical meditation on facts and reality with no connection to the image's visible content of friends gathering indoors with warm beverages. The poem contains no references to social interaction, warmth, connection, domestic comfort, or any of the concrete elements present in the photograph. There is a fundamental mismatch between the poem's intellectual abstraction and the image's celebration of human connection."
9,9_person_friends.jpg,Person with friends,"social, warm, connected",dominant_subject,track_2_blip_caption,4400,Death,Bill Knott,0.7344130873680115,Consensus caption: there are three people sitting on a couch with their hands in the air,1,1,1,"The poem is about death, mortality, and introspection, while the image depicts a joyful, lively gathering of friends celebrating together with raised hands and genuine laughter. The semantic content is entirely misaligned—the poem's contemplation of death contrasts sharply with the image's vibrant social warmth. The emotional tones are fundamentally opposed, making this pairing deeply incongruent."
9,9_person_friends.jpg,Person with friends,"social, warm, connected",dominant_subject,track_3_clip_sbert_mood,339,Cat,Marilyn Singer,0.2633080556988716,"Expanded mood query: something that feels overwhelmingly cozy and deeply playful, somewhat joyful, with hints of nostalgic and hopeful, with themes of shelter, comfort, home, softness, belonging, humor, mischief, lightness, curiosity, surprise, light, energy, celebration, warmth, movement",2,3,2,"The poem is about a cat's preferences for warmth and comfort, while the image shows four people socializing indoors with hot beverages. There is minimal semantic overlap—the poem contains no human subjects, social interaction, or gathering themes. Emotionally, both convey coziness and warmth, creating moderate alignment in mood. However, the fundamental mismatch between a solitary cat's interior monologue and a joyful group gathering significantly undermines overall resonance."
9,9_person_friends.jpg,Person with friends,"social, warm, connected",dominant_subject,track_4_handcrafted_cv,8407,Upon Time and Eternity,John Bunyan,0.22850773483514786,"Expanded handcrafted query: something that feels overwhelmingly surreal and deeply mysterious, somewhat sublime, with hints of cozy and hopeful, with themes of dream, distortion, unreality, hallucination, otherworldly, uncertainty, shadows, strangeness, fear, mystery, open space, distance, expanse, wonder, grandeur; warm=0.606, brightness=0.486, contrast=1.000, edge_density=0.120",1,1,1,"The poem is a philosophical meditation on time and eternity with abstract metaphysical concepts, while the image depicts a concrete, joyful social gathering of friends sharing warm beverages and laughter. There is no meaningful connection between the poem's abstract temporal philosophy and the image's intimate, present-moment social scene. The retrieval appears to have failed significantly in matching content, mood, or thematic resonance."
9,9_person_friends.jpg,Person with friends,"social, warm, connected",dominant_subject,rerank_retrieve,4215,skint valentine,Tom Pickard,0.6374028757559043,Integrated rerank using content candidates from Track 1/2 and mood scoring from Track 3/4.,2,4,3,"The poem lacks specific semantic connection to the visible content (friends, mugs, cookies, windows, casual gathering) but strongly captures the emotional essence of the image—warmth, connection, and togetherness. The minimalist meditation on 'what we have' and 'who we are is love' resonates with the intimate, joyful mood of friends together, though the pairing feels more thematic than directly matched to the scene's concrete details."
10,10_person_alone.jpg,Person alone,"solitary, introspective, distant",dominant_subject,track_1_clip_semantic,1374,Blind Date,Jay Leeming,0.2975603938102722,,2,4,3,"The poem describes a dinner date between two people, while the image shows a solitary figure alone in an empty restaurant—a significant semantic mismatch. However, the emotional tone aligns well: both convey profound loneliness, introspection, and isolation despite (or because of) being in a social space. The pairing creates an interesting tension between the poem's relational loneliness and the image's absolute solitude, though they depict fundamentally different scenarios."
10,10_person_alone.jpg,Person alone,"solitary, introspective, distant",dominant_subject,track_2_blip_caption,8941,Satires of Circumstance in Fifteen Glimpses VIII: In the Study,Thomas Hardy,0.7997894287109375,"Consensus caption: sitting, table, book, restaurant",2,3,2,"The poem depicts a social interaction between two people in an interior setting, while the image shows a solitary figure alone at a table. Though both involve indoor scenes and introspection, the poem's narrative of dialogue and human encounter contrasts sharply with the image's emphasis on isolation. The emotional tones partially align—both convey melancholy and quiet dignity—but the semantic mismatch (solitude vs. interaction) undermines overall resonance."
10,10_person_alone.jpg,Person alone,"solitary, introspective, distant",dominant_subject,track_3_clip_sbert_mood,4446,The Illiterate,William Meredith,0.2950814962387085,"Expanded mood query: something that feels overwhelmingly lonely and deeply mysterious, somewhat melancholic, with hints of contemplative and desolate, with themes of isolation, absence, solitude, distance, waiting, uncertainty, shadows, strangeness, fear, mystery, sadness, memory, loss, longing, grief",2,4,3,"The poem's literal content (an illiterate man with an unread letter) doesn't directly match the image's visible elements (solitary person in a restaurant/bar setting). However, the poem's emotional landscape of isolation, uncertainty, longing, and mysterious absence aligns strongly with the image's melancholic, introspective mood. The pairing works on an emotional and thematic level despite limited semantic overlap."
10,10_person_alone.jpg,Person alone,"solitary, introspective, distant",dominant_subject,track_4_handcrafted_cv,3462,From “The Invention of Influence”,Peter Cole,0.25220950692892075,"Expanded handcrafted query: something that feels overwhelmingly surreal and deeply mysterious, somewhat desolate, with hints of lonely and melancholic, with themes of dream, distortion, unreality, hallucination, otherworldly, uncertainty, shadows, strangeness, fear, mystery, abandonment, emptiness, ruins, decay, silence; warm=0.498, brightness=0.208, contrast=0.959, edge_density=0.002",2,3,2,"The poem discusses Freud's concept of cryptomnesia and hidden memory channels, which has minimal connection to the image's visible content of a solitary person in a restaurant booth. While the poem's themes of uncertainty and hidden depths align somewhat with the introspective mood, the semantic mismatch is significant—the poem is philosophical and abstract rather than grounded in the concrete scene. The emotional resonance is moderate, as both convey a sense of isolation and internal complexity, but the pairing feels intellectually disconnected from the image's visual narrative."
10,10_person_alone.jpg,Person alone,"solitary, introspective, distant",dominant_subject,rerank_retrieve,1374,Blind Date,Jay Leeming,0.848807968485264,Integrated rerank using content candidates from Track 1/2 and mood scoring from Track 3/4.,2,4,3,"The poem describes a dinner date between two people, while the image shows a solitary figure alone in an empty restaurant—a significant semantic mismatch. However, the emotional tones align well: both convey loneliness, introspection, and isolation despite (or because of) the social setting. The pairing creates an interesting tension between the poem's interpersonal narrative and the image's visual solitude, but the disconnect between content and image limits overall resonance."
11,11_flower_fresh.jpg,Fresh flowers,"hopeful, tender, romantic",dominant_subject,track_1_clip_semantic,869,Bonsai at the Potter's Stall,Kay Mullen,0.2675902843475342,,4,3,3,"The poem shares strong semantic overlap with the image: both feature fresh flowers/plants in a vase/pot positioned near a window with natural light, miniature oranges, and delicate botanical subjects. However, the poem's tone is more melancholic and introspective (about stunted growth and arrested development) rather than matching the image's hopeful, tender, and romantic mood suggested by the bright sunlit composition and vibrant fresh flowers."
11,11_flower_fresh.jpg,Fresh flowers,"hopeful, tender, romantic",dominant_subject,track_2_blip_caption,2107,Confession of a Bird Watcher,Chard DeNiord,0.674201488494873,"Consensus caption: window, vase, flowers, flowers sitting",2,1,1,"While the poem mentions windows, birds, and flowers, it focuses on bird deaths and tragic collision with glass—a dark, morbid theme entirely absent from the bright, hopeful image of fresh flowers in sunlight. The poem's mood of guilt, death, and existential conflict directly contradicts the image's tender, romantic, and hopeful atmosphere. The pairing creates jarring tonal dissonance rather than meaningful resonance."
11,11_flower_fresh.jpg,Fresh flowers,"hopeful, tender, romantic",dominant_subject,track_3_clip_sbert_mood,865,Inventing a Horse,Meghan O'Rourke,0.27734844386577606,"Expanded mood query: something that feels overwhelmingly playful and deeply cozy, somewhat contemplative, with hints of peaceful and mysterious, with themes of humor, mischief, lightness, curiosity, surprise, shelter, comfort, home, softness, belonging, pausing, looking inward, slow attention, noticing, awareness",1,2,1,"The poem is about inventing and caring for a horse, which has no semantic connection to the image's fresh flowers in a vase by a window. While the poem contains some contemplative and peaceful elements that loosely align with expected moods, the subject matter is entirely disconnected from the visual content. The pairing feels arbitrary and lacks meaningful resonance between image and text."
11,11_flower_fresh.jpg,Fresh flowers,"hopeful, tender, romantic",dominant_subject,track_4_handcrafted_cv,2678,Feedback,Marcus Slease,0.22856177389621735,"Expanded handcrafted query: something that feels overwhelmingly surreal and deeply mysterious, somewhat sublime, with hints of cozy and lonely, with themes of dream, distortion, unreality, hallucination, otherworldly, uncertainty, shadows, strangeness, fear, mystery, open space, distance, expanse, wonder, grandeur; warm=0.555, brightness=0.416, contrast=1.000, edge_density=0.076",1,1,1,"The poem is a meta-commentary on narrative structures, watching, and abstract philosophical concepts with no connection to the image's concrete content of fresh flowers in a vase by a window. The poem's surreal, mysterious tone contradicts the image's hopeful, tender, romantic mood. There is no meaningful alignment between the domestic floral still life and this abstract literary critique."
11,11_flower_fresh.jpg,Fresh flowers,"hopeful, tender, romantic",dominant_subject,rerank_retrieve,869,Bonsai at the Potter's Stall,Kay Mullen,0.5972577739056184,Integrated rerank using content candidates from Track 1/2 and mood scoring from Track 3/4.,4,2,3,"The poem shares key visual elements with the image: fresh flowers in a vase, natural light from windows, and botanical subjects in an interior setting. However, the poem's focus on bonsai miniatures and a potter's workspace doesn't directly match the image's simple floral arrangement. The poem's melancholic tone about stunted growth and arrested development contrasts with the image's hopeful, tender mood of fresh blooms in bright sunlight."
12,12_flower_wilted.jpeg,Wilted flowers,"fragile, mournful, passing-time feeling",dominant_subject,track_1_clip_semantic,346,Cut Lilies,Noah Warren,0.2949877679347992,,2,2,2,"The poem celebrates fresh, vibrant lilies in full bloom with sensory richness and vitality, while the image shows wilted, drooping flowers in decline. The poem's subject matter (abundant cut flowers, their fragrance, their beauty) directly contradicts the image's visual content of deterioration and fading. Though both involve flowers, they represent opposite states and narratives."
12,12_flower_wilted.jpeg,Wilted flowers,"fragile, mournful, passing-time feeling",dominant_subject,track_2_blip_caption,2107,Confession of a Bird Watcher,Chard DeNiord,0.6447386741638184,"Consensus caption: window, flowers, vase, window sill, glass vase, sitting",2,4,2,"While the poem shares the image's window setting and themes of fragility and death, it focuses on birds striking glass rather than wilted flowers. The emotional tone of mournfulness and loss aligns well with the image's melancholic atmosphere, but the semantic disconnect between the poem's bird imagery and the image's floral subject matter is significant. The pairing feels thematically related but conceptually mismatched."
12,12_flower_wilted.jpeg,Wilted flowers,"fragile, mournful, passing-time feeling",dominant_subject,track_3_clip_sbert_mood,8657,In Memoriam A. H. H. OBIIT MDCCCXXXIII: 5,"Alfred, Lord Tennyson",0.29623954743146896,"Expanded mood query: something that feels overwhelmingly cozy and deeply melancholic, somewhat contemplative, with hints of lonely and hopeful, with themes of shelter, comfort, home, softness, belonging, sadness, memory, loss, longing, grief, pausing, looking inward, slow attention, noticing, awareness",2,4,3,"The poem addresses grief and loss through language and emotion rather than depicting wilted flowers or natural decay directly, creating weak semantic alignment with the image's visible content. However, the melancholic, mournful tone and themes of loss and fragility resonate strongly with the image's emotional atmosphere of fading beauty and transience. The pairing feels thematically coherent in mood despite the poem's abstract, introspective focus diverging from the concrete visual subject matter."
12,12_flower_wilted.jpeg,Wilted flowers,"fragile, mournful, passing-time feeling",dominant_subject,track_4_handcrafted_cv,2678,Feedback,Marcus Slease,0.22856177389621735,"Expanded handcrafted query: something that feels overwhelmingly surreal and deeply mysterious, somewhat sublime, with hints of cozy and lonely, with themes of dream, distortion, unreality, hallucination, otherworldly, uncertainty, shadows, strangeness, fear, mystery, open space, distance, expanse, wonder, grandeur; warm=0.536, brightness=0.414, contrast=1.000, edge_density=0.071",1,1,1,"The poem is a meta-commentary on a novel or film, discussing narrative techniques, characters, and philosophical concepts with no connection to the image's visible content of wilted flowers in a vase by a window. The poem contains no floral, botanical, domestic, or temporal imagery that would align with the image's subject matter. There is no semantic or emotional resonance between the abstract literary critique and the concrete, melancholic scene of decay and fragility depicted in the photograph."
12,12_flower_wilted.jpeg,Wilted flowers,"fragile, mournful, passing-time feeling",dominant_subject,rerank_retrieve,2621,Marigold,Mahogany L. Browne,0.583483413343363,Integrated rerank using content candidates from Track 1/2 and mood scoring from Track 3/4.,4,5,4,"The poem directly addresses wilting flowers and decay, matching the image's visible subject matter of drooping gerberas in a vase. The emotional tone of mournfulness, fragility, and the passage of time aligns perfectly with the image's melancholic atmosphere and the metadata's expected moods. The poem's unflinching treatment of loss and grief resonates strongly with the visual narrative of fading blooms, though the specific flower reference (marigold) differs from the gerberas shown."
13,13_abandoned_boats.jpg,Abandoned boat skeletons,"desolate, industrial, apocalyptic",multi_object,track_1_clip_semantic,,,,,,,,,"ERROR: Anthropic HTTP error 400: {""type"":""error"",""error"":{""type"":""invalid_request_error"",""message"":""messages.0.content.0.image.source.base64.data: Image format image/jpeg not supported""},""request_id"":""req_011Cba5tnhrMLH6syWwLdnMX""}"
13,13_abandoned_boats.jpg,Abandoned boat skeletons,"desolate, industrial, apocalyptic",multi_object,track_2_blip_caption,,,,,,,,,"ERROR: Anthropic HTTP error 400: {""type"":""error"",""error"":{""type"":""invalid_request_error"",""message"":""messages.0.content.0.image.source.base64.data: Image format image/jpeg not supported""},""request_id"":""req_011Cba5upPadUr4aszGw7tjS""}"
13,13_abandoned_boats.jpg,Abandoned boat skeletons,"desolate, industrial, apocalyptic",multi_object,track_3_clip_sbert_mood,,,,,,,,,"ERROR: Anthropic HTTP error 400: {""type"":""error"",""error"":{""type"":""invalid_request_error"",""message"":""messages.0.content.0.image.source.base64.data: Image format image/jpeg not supported""},""request_id"":""req_011Cba5vSrKAf8jZR78DA3mU""}"
13,13_abandoned_boats.jpg,Abandoned boat skeletons,"desolate, industrial, apocalyptic",multi_object,track_4_handcrafted_cv,,,,,,,,,"ERROR: Anthropic HTTP error 400: {""type"":""error"",""error"":{""type"":""invalid_request_error"",""message"":""messages.0.content.0.image.source.base64.data: Image format image/jpeg not supported""},""request_id"":""req_011Cba5w5cA5uBusmt7XVdwg""}"
13,13_abandoned_boats.jpg,Abandoned boat skeletons,"desolate, industrial, apocalyptic",multi_object,rerank_retrieve,,,,,,,,,"ERROR: Anthropic HTTP error 400: {""type"":""error"",""error"":{""type"":""invalid_request_error"",""message"":""messages.0.content.0.image.source.base64.data: Image format image/jpeg not supported""},""request_id"":""req_011Cba5x7igMxyCKfUm4AE1P""}"
14,14_rusted_pipes.jpg,Rusted bathroom pipes,"grimy, neglected, uneasy",multi_object,track_1_clip_semantic,7457,Out of Town,Piotr Sommer,0.265019029378891,,4,4,4,"The poem directly addresses old pipes, dripping water, valves, and septic systems—matching the image's visible plumbing infrastructure. Both convey a sense of neglect, decay, and the passage of time through deteriorating utilities. The poem's atmosphere of abandonment and disrepair aligns well with the grimy, uneasy mood of the rusted pipes, creating a compelling pairing that feels thematically resonant."
14,14_rusted_pipes.jpg,Rusted bathroom pipes,"grimy, neglected, uneasy",multi_object,track_2_blip_caption,7457,Out of Town,Piotr Sommer,0.7686309814453125,"Consensus caption: pipe, bathroom, faucet, wall, valve, connected",4,4,4,"The poem directly addresses dripping water, old pipes, valves, and septic systems—all core elements visible in the image of rusted bathroom pipes. The poem's atmosphere of neglect, decay, and abandonment ('no one to tighten the valve,' 'broken switch') matches the grimy, deteriorated aesthetic of the photograph. The pairing creates meaningful resonance between the poem's meditation on aging infrastructure and the visual evidence of time's corrosive effects."
14,14_rusted_pipes.jpg,Rusted bathroom pipes,"grimy, neglected, uneasy",multi_object,track_3_clip_sbert_mood,4446,The Illiterate,William Meredith,0.2667786478996277,"Expanded mood query: something that feels overwhelmingly melancholic and deeply mysterious, somewhat playful, with hints of dark and tense, with themes of sadness, memory, loss, longing, grief, uncertainty, shadows, strangeness, fear, mystery, humor, mischief, lightness, curiosity, surprise",1,2,1,"The poem is entirely about literacy, letters, and emotional vulnerability with no connection to the image's visible content of rusted pipes, bathroom fixtures, and industrial decay. While the poem does contain melancholic and mysterious elements matching the mood query, it shares no semantic ground with the grimy, neglected physical objects depicted. The pairing feels arbitrary and fails to create meaningful resonance between text and image."
14,14_rusted_pipes.jpg,Rusted bathroom pipes,"grimy, neglected, uneasy",multi_object,track_4_handcrafted_cv,6666,To a Deaf and Dumb Little Girl,Hartley Coleridge,0.26352559030056,"Expanded handcrafted query: something that feels overwhelmingly mysterious and deeply desolate, somewhat lonely, with hints of melancholic and surreal, with themes of uncertainty, shadows, strangeness, fear, mystery, abandonment, emptiness, ruins, decay, silence, isolation, absence, solitude, distance, waiting; warm=0.517, brightness=0.154, contrast=0.507, edge_density=0.069",1,2,1,"The poem is about a deaf and dumb girl's isolation and inner world, which shares thematic elements of loneliness and solitude with the image's desolate atmosphere. However, the poem contains no reference to physical decay, pipes, bathrooms, neglect, or any concrete objects visible in the image. While both convey melancholy and isolation, the semantic disconnect between a human subject and inanimate rusted infrastructure is too significant for meaningful pairing."
14,14_rusted_pipes.jpg,Rusted bathroom pipes,"grimy, neglected, uneasy",multi_object,rerank_retrieve,7457,Out of Town,Piotr Sommer,0.7392067766165638,Integrated rerank using content candidates from Track 1/2 and mood scoring from Track 3/4.,4,4,4,"The poem directly addresses old pipes, dripping water, valves, and septic systems—matching the image's visible plumbing infrastructure. Both convey neglect and decay through specific details (broken switches, rusted fixtures, water management systems). The poem's atmosphere of abandonment, disrepair, and melancholic acceptance aligns well with the grimy, uneasy mood of the deteriorating bathroom pipes. The pairing feels thematically coherent and emotionally resonant."
15,15_mannequin.jpg,Sticker-covered mannequin,"surreal, uncanny, futuristic",dominant_subject,track_1_clip_semantic,440,mom and dad in a photo,Edmund Berrigan,0.2558542788028717,,1,2,1,"The poem contains no visible connection to the image's sticker-covered mannequin, desert setting, or surreal aesthetic. While the poem shares a fragmented, disorienting quality that could theoretically match the image's uncanny mood, the semantic disconnect is too severe—the poem discusses toy cars, musicians, and domestic concerns with no reference to mannequins, stickers, or visual surrealism. The pairing feels arbitrary rather than meaningfully resonant."
15,15_mannequin.jpg,Sticker-covered mannequin,"surreal, uncanny, futuristic",dominant_subject,track_2_blip_caption,3370,At the End of My Hours,Dana Levin,0.7757554054260254,"Consensus caption: man, stickers, as, statue",1,2,1,"The poem contains only repetitive iterations of 'here' with no connection to the image's visible content—stickers, mannequin, surreal aesthetic, or any concrete imagery. While the repetition might evoke a sense of presence or insistence that could tangentially relate to the uncanny mood, there is no meaningful semantic or thematic alignment between the poem's minimal text and the richly detailed, visually complex image."
15,15_mannequin.jpg,Sticker-covered mannequin,"surreal, uncanny, futuristic",dominant_subject,track_3_clip_sbert_mood,8947,What Kind of Mistress He would Have,Robert Herrick,0.24367809295654297,"Expanded mood query: something that feels overwhelmingly playful and deeply surreal, somewhat contemplative, with hints of sublime and hopeful, with themes of humor, mischief, lightness, curiosity, surprise, dream, distortion, unreality, hallucination, otherworldly, pausing, looking inward, slow attention, noticing, awareness",1,1,1,"The poem is a classical love poem about idealized feminine qualities and romantic desire, while the image depicts a surreal, sticker-covered mannequin in a desolate landscape. There is no meaningful connection between the poem's content about a mistress's virtues and the image's uncanny, futuristic aesthetic. The poem's tone is entirely romantic and conventional, directly opposing the image's surreal and unsettling mood."
15,15_mannequin.jpg,Sticker-covered mannequin,"surreal, uncanny, futuristic",dominant_subject,track_4_handcrafted_cv,8407,Upon Time and Eternity,John Bunyan,0.23720759898424149,"Expanded handcrafted query: something that feels overwhelmingly surreal and deeply sublime, somewhat mysterious, with hints of cozy and hopeful, with themes of dream, distortion, unreality, hallucination, otherworldly, open space, distance, expanse, wonder, grandeur, uncertainty, shadows, strangeness, fear, mystery; warm=0.502, brightness=0.609, contrast=1.000, edge_density=0.125",1,1,1,"The poem is a philosophical meditation on time and eternity using abstract metaphors of rings and measures, with no connection to the image's concrete visual elements: a sticker-covered mannequin in a surreal desert setting. While the retrieval query mentions 'otherworldly' and 'mystery,' the poem's classical theological abstraction bears no semantic or thematic relationship to the image's uncanny, futuristic object-focused surrealism. The emotional tones are entirely mismatched—the poem is contemplative and metaphysical, while the image is visually strange and unsettling."
15,15_mannequin.jpg,Sticker-covered mannequin,"surreal, uncanny, futuristic",dominant_subject,rerank_retrieve,4814,Greek Architecture,Herman Melville,0.7213935468998841,Integrated rerank using content candidates from Track 1/2 and mood scoring from Track 3/4.,1,1,1,"The poem discusses classical Greek architecture and reverence for archetypal forms, while the image depicts a surreal, sticker-covered mannequin in a desolate landscape—completely unrelated subject matter. There is no semantic connection between Melville's architectural meditation and this contemporary, uncanny art object. The poem's classical, reverent tone directly contradicts the image's surreal, chaotic, and futuristic aesthetic."
16,16_clustered_kitchen.jpg,Cluttered kitchen sink,"messy, mundane, slightly tense",multi_object,track_1_clip_semantic,2018,Brushing Teeth with My Sister after the Wake,Jim Daniels,0.2856045961380005,,4,3,3,"The poem directly references a kitchen sink, matching the image's primary subject and setting. However, the poem's narrative focuses on an intimate family moment after a wake, while the image shows a cluttered, messy kitchen with no people visible. The emotional tone of the poem—bittersweet, reflective, and connected—contrasts with the image's mundane, slightly tense messiness, creating a meaningful but somewhat misaligned pairing."
16,16_clustered_kitchen.jpg,Cluttered kitchen sink,"messy, mundane, slightly tense",multi_object,track_2_blip_caption,2018,Brushing Teeth with My Sister after the Wake,Jim Daniels,0.8266911506652832,"Consensus caption: kitchen, counter, sink, clutter, dishes",4,4,4,"The poem directly references a kitchen sink and captures the cluttered, lived-in domestic space visible in the image. The emotional tone of quiet melancholy mixed with unexpected moments of connection aligns well with the image's slightly tense, mundane atmosphere. The poem transforms the ordinary kitchen setting into a meaningful space of human connection, creating resonance between the visual clutter and emotional complexity."
16,16_clustered_kitchen.jpg,Cluttered kitchen sink,"messy, mundane, slightly tense",multi_object,track_3_clip_sbert_mood,6042,Gloss of the Past,David Trinidad,0.22770622372627258,"Expanded mood query: something that feels overwhelmingly chaotic and deeply playful, somewhat mysterious, with hints of lonely and tense, with themes of noise, confusion, frenzy, disorder, overwhelm, humor, mischief, lightness, curiosity, surprise, uncertainty, shadows, strangeness, fear, mystery",1,2,1,"The poem is entirely about variations of the color pink and contains no reference to kitchens, clutter, dishes, sinks, or any visible objects in the image. While the poem's repetitive, overwhelming structure might abstractly echo chaos, there is no semantic connection to the image's content. The emotional tone of playful nostalgia in the poem does not align with the mundane, slightly tense mood of a cluttered kitchen."
16,16_clustered_kitchen.jpg,Cluttered kitchen sink,"messy, mundane, slightly tense",multi_object,track_4_handcrafted_cv,4794,"There's a certain Slant of light, (320)",Emily Dickinson,0.24491405487060547,"Expanded handcrafted query: something that feels overwhelmingly surreal and deeply mysterious, somewhat desolate, with hints of lonely and sublime, with themes of dream, distortion, unreality, hallucination, otherworldly, uncertainty, shadows, strangeness, fear, mystery, abandonment, emptiness, ruins, decay, silence; warm=0.537, brightness=0.283, contrast=0.902, edge_density=0.088",1,2,1,"The poem is about winter light, cathedral atmosphere, and metaphysical despair—none of which appear in this cluttered kitchen sink image. While both share a somewhat somber tone, the poem's abstract, transcendent themes about light and spiritual affliction have no semantic connection to the concrete domestic clutter visible here. The pairing feels arbitrary rather than meaningfully resonant."
16,16_clustered_kitchen.jpg,Cluttered kitchen sink,"messy, mundane, slightly tense",multi_object,rerank_retrieve,2018,Brushing Teeth with My Sister after the Wake,Jim Daniels,0.6318350290110875,Integrated rerank using content candidates from Track 1/2 and mood scoring from Track 3/4.,4,4,4,"The poem directly references a kitchen sink, matching the image's primary subject and setting. Both capture a moment of domestic intimacy amid clutter and life's complications—the poem's post-wake family gathering parallels the image's cluttered, lived-in atmosphere. The emotional tone of bittersweet mundanity, underlying tension, and finding moments of connection amid chaos aligns well with the image's messy, slightly tense mood."
17,17_abandoned_classroom.jpg,Abandoned classroom,"decayed, forgotten, melancholic",multi_object,track_1_clip_semantic,9205,Here,Samuel Menashe,0.2960193157196045,,3,4,3,"The poem's reference to an 'old flat' and abandoned space aligns with the image's decayed classroom setting, though the specific domestic context differs from the institutional space shown. The emotional tone of haunting, abandonment, and melancholy ('Ghost,' 'aftermath') matches the image's atmosphere of decay and desolation very well. However, the pairing feels somewhat generic—the poem could apply to many abandoned spaces, and doesn't capture the specific educational or institutional quality of the classroom."
17,17_abandoned_classroom.jpg,Abandoned classroom,"decayed, forgotten, melancholic",multi_object,track_2_blip_caption,3872,Two Rooms,Emily Berry,0.8355168104171753,"Consensus caption: room, paper, lot, chair, floor, papers all",3,2,2,"The poem's reference to rooms and the act of moving between spaces matches the image's setting of an abandoned classroom, but lacks engagement with the specific visual details (scattered papers, deteriorated furniture, overgrown window). While the image conveys decay and abandonment, the poem's tone of safety and containment contrasts sharply with the melancholic, forgotten atmosphere the image projects, creating a disconnect in emotional resonance."
17,17_abandoned_classroom.jpg,Abandoned classroom,"decayed, forgotten, melancholic",multi_object,track_3_clip_sbert_mood,4446,The Illiterate,William Meredith,0.28094738721847534,"Expanded mood query: something that feels overwhelmingly desolate and deeply mysterious, somewhat lonely, with hints of melancholic and dark, with themes of abandonment, emptiness, ruins, decay, silence, uncertainty, shadows, strangeness, fear, mystery, isolation, absence, solitude, distance, waiting",1,2,1,"The poem is about illiteracy, a letter, and emotional uncertainty—none of which relate to the image's visible content of an abandoned classroom with decay, debris, and deteriorating infrastructure. While both share melancholic and uncertain emotional tones, the semantic disconnect is too severe. The poem's intimate, personal narrative about a man and a letter has no meaningful connection to the desolate, physically abandoned space depicted."
17,17_abandoned_classroom.jpg,Abandoned classroom,"decayed, forgotten, melancholic",multi_object,track_4_handcrafted_cv,4794,"There's a certain Slant of light, (320)",Emily Dickinson,0.232810378074646,"Expanded handcrafted query: something that feels overwhelmingly surreal and deeply mysterious, somewhat sublime, with hints of desolate and lonely, with themes of dream, distortion, unreality, hallucination, otherworldly, uncertainty, shadows, strangeness, fear, mystery, open space, distance, expanse, wonder, grandeur; warm=0.528, brightness=0.304, contrast=0.926, edge_density=0.084",2,4,3,"The poem's focus on light, winter afternoons, and cathedral-like oppression has limited direct semantic connection to the abandoned classroom's visible objects (chairs, desks, debris). However, the emotional atmosphere—despair, internal desolation, shadows, and a sense of abandonment—aligns strongly with the image's melancholic and decayed mood. The pairing achieves moderate resonance through shared emotional territory despite weak literal correspondence."
17,17_abandoned_classroom.jpg,Abandoned classroom,"decayed, forgotten, melancholic",multi_object,rerank_retrieve,9205,Here,Samuel Menashe,0.7823331402260079,Integrated rerank using content candidates from Track 1/2 and mood scoring from Track 3/4.,3,4,3,"The poem's reference to an 'old flat' and abandoned space aligns with the image's decayed interior setting, though it lacks specific visual details present in the classroom (chairs, desks, debris). The emotional tone of haunting, abandonment, and melancholy strongly matches the image's atmosphere of decay and desolation. While the pairing captures the mood effectively, the poem's abstract, intimate voice feels somewhat disconnected from the concrete, institutional nature of the abandoned classroom."
18,18_starry_night.jpg,Starry night,"vast, sublime, quiet",dominant_subject,track_1_clip_semantic,2647,Future Memories,Mario Meléndez,0.2591014504432678,,4,4,4,"The poem directly addresses the image's core visual content—a starry night sky reflected in water, creating the illusion of stars filling the ocean. The poem captures the sense of wonder and revelation at witnessing this celestial-aquatic phenomenon. The emotional tone of delighted discovery and sublime awe aligns perfectly with the image's vast, quiet, and transcendent mood. The pairing feels naturally resonant, with the poem articulating the magical experience the photograph evokes."
18,18_starry_night.jpg,Starry night,"vast, sublime, quiet",dominant_subject,track_2_blip_caption,8777,Niagara,Adelaide Crapsey,0.7368999719619751,"Consensus caption: water, milky, body, night sky",2,3,2,"The poem focuses on a moon over Niagara Falls, while the image depicts the Milky Way galaxy over a calm beach or water body—fundamentally different celestial and terrestrial subjects. However, both share nocturnal water settings and contemplative moods. The emotional tone of fragility and vastness partially aligns, but the semantic mismatch between a specific moon-and-waterfall scene and a starry night seascape limits overall resonance."
18,18_starry_night.jpg,Starry night,"vast, sublime, quiet",dominant_subject,track_3_clip_sbert_mood,8681,In Memoriam A. H. H. OBIIT MDCCCXXXIII: 126,"Alfred, Lord Tennyson",0.27461330592632294,"Expanded mood query: something that feels overwhelmingly sublime and deeply peaceful, somewhat surreal, with hints of lonely and hopeful, with themes of open space, distance, expanse, wonder, grandeur, ease, breath, soft light, settling, quiet, dream, distortion, unreality, hallucination, otherworldly",2,3,2,"The poem is primarily about love, loss, and spiritual devotion with no direct reference to the image's visible content—starry night, beach, water, or celestial landscape. While the poem contains some thematic overlap with the image's vastness and quiet contemplation (mentions of 'worlds of space' and 'deep night'), the semantic connection is tenuous. The emotional tone of grief and longing in the poem partially aligns with the sublime melancholy of the image, but the pairing feels more coincidental than meaningfully resonant."
18,18_starry_night.jpg,Starry night,"vast, sublime, quiet",dominant_subject,track_4_handcrafted_cv,4446,The Illiterate,William Meredith,0.27172374725341797,"Expanded handcrafted query: something that feels overwhelmingly mysterious and deeply desolate, somewhat lonely, with hints of melancholic and dark, with themes of uncertainty, shadows, strangeness, fear, mystery, abandonment, emptiness, ruins, decay, silence, isolation, absence, solitude, distance, waiting; warm=0.544, brightness=0.143, contrast=0.425, edge_density=0.047",1,2,1,"The poem is about illiteracy, uncertainty, and emotional ambivalence regarding a mysterious letter—it contains no imagery, references, or content related to the starry night landscape, beach, or celestial scene visible in the image. While the poem does explore themes of mystery and uncertainty that loosely align with the retrieval model's emotional descriptors, there is virtually no semantic connection between the poem's domestic, interpersonal narrative and the image's vast, sublime natural landscape."
18,18_starry_night.jpg,Starry night,"vast, sublime, quiet",dominant_subject,rerank_retrieve,5521,On the Beach at Night Alone,Walt Whitman,0.8999238218706163,Integrated rerank using content candidates from Track 1/2 and mood scoring from Track 3/4.,5,5,5,"The poem directly addresses a solitary figure on a beach at night watching stars, which perfectly matches the image's literal content and setting. Whitman's meditation on vastness, cosmic interconnection, and the sublime aligns precisely with the image's mood of awe and contemplation before an expansive starry sky. The poem's themes of vastness and quiet wonder resonate deeply with the image's visual and emotional impact, creating an exceptionally compelling pairing."
19,19_alley_companions.jpg,Alley companions,"intimate, secretive, urban, cinematic",multi_object,track_1_clip_semantic,1430,Minding Rites,David Yezzi,0.2616066634654999,,2,3,2,"The poem focuses on a domestic relationship narrative involving flowers and ritual, while the image depicts two men in business attire walking through an urban alley at night. There is minimal semantic overlap in visible content or setting. The poem's reflective, intimate tone about marriage and devotion partially aligns with the image's secretive, intimate atmosphere, but the specific subject matter (a couple's relationship) does not match the image's apparent depiction of two professional figures in an urban environment."
19,19_alley_companions.jpg,Alley companions,"intimate, secretive, urban, cinematic",multi_object,track_2_blip_caption,7148,Peace Walk,William E. Stafford,0.8089258670806885,"Consensus caption: walking, men walking, two men, night, two men walking, alley, street",2,3,2,"While the poem depicts two men walking in an urban setting at night, it specifically describes a peace march protest with signs and political messaging, whereas the image shows two businessmen in suits walking through a quiet alley with no visible protest context. The emotional atmosphere of introspection and quiet urban movement aligns somewhat with the image's cinematic, intimate mood, but the poem's explicit political activism content diverges significantly from what is visually present."
19,19_alley_companions.jpg,Alley companions,"intimate, secretive, urban, cinematic",multi_object,track_3_clip_sbert_mood,865,Inventing a Horse,Meghan O'Rourke,0.2985943406820297,"Expanded mood query: something that feels overwhelmingly romantic and deeply cozy, somewhat melancholic, with hints of nostalgic and playful, with themes of desire, tenderness, intimacy, devotion, passion, shelter, comfort, home, softness, belonging, sadness, memory, loss, longing, grief",1,2,1,"The poem is entirely about inventing and caring for a horse, with no connection to the image's urban alley setting, two men in business attire, bicycles, or Asian storefronts. While the poem explores themes of care, devotion, and imagination that loosely align with the retrieval query's emotional themes, there is virtually no semantic overlap with the visible content of the photograph. The pairing feels arbitrary and unconvincing."
19,19_alley_companions.jpg,Alley companions,"intimate, secretive, urban, cinematic",multi_object,track_4_handcrafted_cv,3462,From “The Invention of Influence”,Peter Cole,0.24915533512830734,"Expanded handcrafted query: something that feels overwhelmingly mysterious and deeply surreal, somewhat desolate, with hints of lonely and melancholic, with themes of uncertainty, shadows, strangeness, fear, mystery, dream, distortion, unreality, hallucination, otherworldly, abandonment, emptiness, ruins, decay, silence; warm=0.629, brightness=0.161, contrast=0.713, edge_density=0.070",2,3,2,"The poem discusses memory, influence, and cryptomnesia through Freud's philosophical lens, which has minimal connection to the image's visible content of two figures walking through an urban alley at night. While the poem's themes of hidden channels and uncertainty could abstractly relate to the image's mysterious atmosphere, there is no semantic overlap with the concrete scene depicted. The emotional tone of intellectual contemplation in the poem partially aligns with the image's cinematic, secretive mood, but the pairing feels more coincidental than meaningfully resonant."
19,19_alley_companions.jpg,Alley companions,"intimate, secretive, urban, cinematic",multi_object,rerank_retrieve,1430,Minding Rites,David Yezzi,0.6387009197169575,Integrated rerank using content candidates from Track 1/2 and mood scoring from Track 3/4.,2,3,2,"The poem focuses on domestic rituals, marriage, and flowers—none of which are visibly present in this urban alley scene with two men in business attire. While both image and poem explore human connection and relationships, the semantic content diverges significantly. The emotional tone of melancholy and regret in the poem somewhat aligns with the cinematic, secretive mood of the image, but the pairing feels thematically disconnected rather than meaningfully resonant."
20,20_hidden_waterfall.jpg,Hidden forest waterfall,"serene, secluded, majestic, contemplative",dominant_subject,track_1_clip_semantic,2204,Untitled,James Baldwin,0.27996963262557983,,4,5,4,"The poem directly addresses falling water and light, matching the image's central waterfall subject matter. The emotional tone of contemplation, vulnerability, and being overwhelmed by natural forces aligns perfectly with the serene yet majestic mood of the hidden waterfall. The pairing creates meaningful resonance through the poem's meditation on being beneath cascading water and blinded by its light, which poetically captures the awe and intensity of witnessing such a natural phenomenon."
20,20_hidden_waterfall.jpg,Hidden forest waterfall,"serene, secluded, majestic, contemplative",dominant_subject,track_2_blip_caption,8116,Hawk,Wendy Videlock,0.6615831851959229,"Consensus caption: waterfall, tall waterfall, forest",2,3,2,"The poem mentions 'forest' and 'deep in the forest' which connects to the setting, but it focuses on a hawk with a busted wing rather than the waterfall that dominates the image. The poem's content (a wounded bird) doesn't match the visible subject matter of a tall, majestic waterfall. While the poem captures some of the forest's serene and secluded mood, the thematic mismatch between the poem's narrative and the image's primary subject significantly weakens the pairing."
20,20_hidden_waterfall.jpg,Hidden forest waterfall,"serene, secluded, majestic, contemplative",dominant_subject,track_3_clip_sbert_mood,8681,In Memoriam A. H. H. OBIIT MDCCCXXXIII: 126,"Alfred, Lord Tennyson",0.2641671150922775,"Expanded mood query: something that feels overwhelmingly peaceful and deeply sublime, somewhat surreal, with hints of mysterious and cozy, with themes of ease, breath, soft light, settling, quiet, open space, distance, expanse, wonder, grandeur, dream, distortion, unreality, hallucination, otherworldly",1,2,1,"The poem is entirely about love, loss, and spiritual devotion with no reference to nature, waterfalls, forests, or any visible elements in the image. While the poem contains some contemplative and peaceful qualities that loosely align with the expected mood, the semantic disconnect is complete—the image shows a hidden waterfall in a lush forest, while the poem discusses abstract emotional and spiritual themes with no natural imagery."
20,20_hidden_waterfall.jpg,Hidden forest waterfall,"serene, secluded, majestic, contemplative",dominant_subject,track_4_handcrafted_cv,3462,From “The Invention of Influence”,Peter Cole,0.24915533512830734,"Expanded handcrafted query: something that feels overwhelmingly mysterious and deeply surreal, somewhat desolate, with hints of lonely and melancholic, with themes of uncertainty, shadows, strangeness, fear, mystery, dream, distortion, unreality, hallucination, otherworldly, abandonment, emptiness, ruins, decay, silence; warm=0.504, brightness=0.171, contrast=0.793, edge_density=0.160",1,1,1,"The poem is a philosophical meditation on Freud's concept of cryptomnesia and the nature of memory and influence—it contains no imagery, references, or thematic connection to waterfalls, forests, nature, or landscape. While the retrieval model's query emphasized mystery and the surreal, the poem's abstract intellectual content about memory and authorship bears no semantic relationship to the visible waterfall scene. The emotional tones are entirely misaligned: the image conveys serenity and natural majesty while the poem offers cerebral abstraction."
20,20_hidden_waterfall.jpg,Hidden forest waterfall,"serene, secluded, majestic, contemplative",dominant_subject,rerank_retrieve,7108,Genealogy,Jennifer Chang,0.6182143296663491,Integrated rerank using content candidates from Track 1/2 and mood scoring from Track 3/4.,4,4,4,"The poem directly engages with water, forest, and the hidden, intimate spaces visible in the image—streams, roots, moss, and the forest floor. Its contemplative tone of stillness and introspection aligns well with the serene, secluded mood of the waterfall nestled deep within dense vegetation. The imagery of trickling water, forest depths, and primordial solitude creates strong semantic and emotional resonance with the photograph's majestic yet intimate landscape."
21,21_toys.jpg,Cluttered toy,"playful, nostalgic, surreal",multi_object,track_1_clip_semantic,7947,Advent,Rae Armantrout,0.2659571170806885,,2,2,2,"The poem describes a nativity scene made of balloons, while the image shows a cluttered collection of vintage toys and figurines with no nativity theme. Though both involve figurative representations and nostalgic objects, the specific subject matter diverges significantly. The poem's spiritual, holiday-focused tone contrasts with the image's playful, surreal toy collection aesthetic, creating minimal emotional or thematic alignment."
21,21_toys.jpg,Cluttered toy,"playful, nostalgic, surreal",multi_object,track_2_blip_caption,3370,At the End of My Hours,Dana Levin,0.7858497500419617,"Consensus caption: figurines, man, display, cartoon characters, store",1,1,1,"The poem consists only of repetitive iterations of 'here' with no semantic connection to the image's visible content of toys, figurines, characters, or collectibles. There is no thematic, narrative, or conceptual relationship between the minimalist text and the cluttered, nostalgic toy display. The poem's mood of anxious repetition does not align with the playful, surreal, or nostalgic atmosphere suggested by the image."
21,21_toys.jpg,Cluttered toy,"playful, nostalgic, surreal",multi_object,track_3_clip_sbert_mood,6042,Gloss of the Past,David Trinidad,0.23290783166885376,"Expanded mood query: something that feels overwhelmingly playful and deeply nostalgic, somewhat chaotic, with hints of surreal and cozy, with themes of humor, mischief, lightness, curiosity, surprise, memory, childhood, past, return, bittersweetness, noise, confusion, frenzy, disorder, overwhelm",1,2,1,"The poem is entirely about variations of the color pink and contains no reference to toys, childhood objects, nostalgia, or any visible content from the image. While the poem's playful, repetitive tone might tangentially match the expected playful mood, it fails to engage with the image's actual subject matter—collectible figurines, vintage toys, and memorabilia. The semantic disconnect is nearly complete."
21,21_toys.jpg,Cluttered toy,"playful, nostalgic, surreal",multi_object,track_4_handcrafted_cv,8407,Upon Time and Eternity,John Bunyan,0.22850773483514786,"Expanded handcrafted query: something that feels overwhelmingly surreal and deeply mysterious, somewhat sublime, with hints of cozy and hopeful, with themes of dream, distortion, unreality, hallucination, otherworldly, uncertainty, shadows, strangeness, fear, mystery, open space, distance, expanse, wonder, grandeur; warm=0.672, brightness=0.406, contrast=1.000, edge_density=0.082",1,1,1,"The poem is a philosophical meditation on time and eternity using abstract metaphors of rings and measures, with no connection to the image's concrete subject matter of vintage toys, collectibles, and nostalgic objects. The poem's abstract, metaphysical content bears no relationship to the playful, surreal, and nostalgic mood created by the cluttered toy display. There is no meaningful alignment between the poem's themes and the image's visual or emotional content."
21,21_toys.jpg,Cluttered toy,"playful, nostalgic, surreal",multi_object,rerank_retrieve,7947,Advent,Rae Armantrout,0.5122158549002799,Integrated rerank using content candidates from Track 1/2 and mood scoring from Track 3/4.,2,2,2,"The poem describes a nativity scene made of balloons, while the image shows a cluttered collection of vintage toys and figurines with no nativity theme. Though both involve figurative representations and childhood/nostalgic elements, the specific subject matter diverges significantly. The poem's serene, contemplative tone about a religious scene contrasts with the image's playful, surreal abundance of diverse toy characters."
22,22_artificial_forest.jpg,Artificial forest construction,"surreal, disorienting, ironic",multi_object,track_1_clip_semantic,,,,,,,,,"ERROR: Anthropic HTTP error 400: {""type"":""error"",""error"":{""type"":""invalid_request_error"",""message"":""messages.0.content.0.image.source.base64.data: Image format image/jpeg not supported""},""request_id"":""req_011Cba6LQTsFYpaBoBMvCpfv""}"
22,22_artificial_forest.jpg,Artificial forest construction,"surreal, disorienting, ironic",multi_object,track_2_blip_caption,,,,,,,,,"ERROR: Anthropic HTTP error 400: {""type"":""error"",""error"":{""type"":""invalid_request_error"",""message"":""messages.0.content.0.image.source.base64.data: Image format image/jpeg not supported""},""request_id"":""req_011Cba6MNULSCTxKLTHi7Hzr""}"
22,22_artificial_forest.jpg,Artificial forest construction,"surreal, disorienting, ironic",multi_object,track_3_clip_sbert_mood,,,,,,,,,"ERROR: Anthropic HTTP error 400: {""type"":""error"",""error"":{""type"":""invalid_request_error"",""message"":""messages.0.content.0.image.source.base64.data: Image format image/jpeg not supported""},""request_id"":""req_011Cba6Mx8PityPDNt51Ti6H""}"
22,22_artificial_forest.jpg,Artificial forest construction,"surreal, disorienting, ironic",multi_object,track_4_handcrafted_cv,,,,,,,,,"ERROR: Anthropic HTTP error 400: {""type"":""error"",""error"":{""type"":""invalid_request_error"",""message"":""messages.0.content.0.image.source.base64.data: Image format image/jpeg not supported""},""request_id"":""req_011Cba6NiRfNrTWBfTr5nXAZ""}"
22,22_artificial_forest.jpg,Artificial forest construction,"surreal, disorienting, ironic",multi_object,rerank_retrieve,,,,,,,,,"ERROR: Anthropic HTTP error 400: {""type"":""error"",""error"":{""type"":""invalid_request_error"",""message"":""messages.0.content.0.image.source.base64.data: Image format image/jpeg not supported""},""request_id"":""req_011Cba6Pko54ha57Es2VPRfe""}"
23,23_fisherman.jpg,Fisherman by city harbor,"watchful, industrial, contemplative, solitary",multi_object,track_1_clip_semantic,,,,,,,,,"ERROR: Anthropic HTTP error 400: {""type"":""error"",""error"":{""type"":""invalid_request_error"",""message"":""messages.0.content.0.image.source.base64.data: Image format image/jpeg not supported""},""request_id"":""req_011Cba6QLFin3Mu29SMDoVcf""}"
23,23_fisherman.jpg,Fisherman by city harbor,"watchful, industrial, contemplative, solitary",multi_object,track_2_blip_caption,,,,,,,,,"ERROR: Anthropic HTTP error 400: {""type"":""error"",""error"":{""type"":""invalid_request_error"",""message"":""messages.0.content.0.image.source.base64.data: Image format image/jpeg not supported""},""request_id"":""req_011Cba6RK9GwX4Krdhf1f79e""}"
23,23_fisherman.jpg,Fisherman by city harbor,"watchful, industrial, contemplative, solitary",multi_object,track_3_clip_sbert_mood,,,,,,,,,"ERROR: Anthropic HTTP error 400: {""type"":""error"",""error"":{""type"":""invalid_request_error"",""message"":""messages.0.content.0.image.source.base64.data: Image format image/jpeg not supported""},""request_id"":""req_011Cba6Rvsr4pjGnRLMvDch6""}"
23,23_fisherman.jpg,Fisherman by city harbor,"watchful, industrial, contemplative, solitary",multi_object,track_4_handcrafted_cv,,,,,,,,,"ERROR: Anthropic HTTP error 400: {""type"":""error"",""error"":{""type"":""invalid_request_error"",""message"":""messages.0.content.0.image.source.base64.data: Image format image/jpeg not supported""},""request_id"":""req_011Cba6Sa1khvUYQ5ZDPT6i6""}"
23,23_fisherman.jpg,Fisherman by city harbor,"watchful, industrial, contemplative, solitary",multi_object,rerank_retrieve,,,,,,,,,"ERROR: Anthropic HTTP error 400: {""type"":""error"",""error"":{""type"":""invalid_request_error"",""message"":""messages.0.content.0.image.source.base64.data: Image format image/jpeg not supported""},""request_id"":""req_011Cba6Tcuuo6eF58KVFu6A9""}"
24,24_running_crowd.jpg,Running crowd,"chaotic, urgent, overwhelming",multi_object,track_1_clip_semantic,,,,,,,,,"ERROR: Anthropic HTTP error 400: {""type"":""error"",""error"":{""type"":""invalid_request_error"",""message"":""messages.0.content.0.image.source.base64.data: Image format image/jpeg not supported""},""request_id"":""req_011Cba6UDntm6UTSftDKAWPf""}"
24,24_running_crowd.jpg,Running crowd,"chaotic, urgent, overwhelming",multi_object,track_2_blip_caption,,,,,,,,,"ERROR: Anthropic HTTP error 400: {""type"":""error"",""error"":{""type"":""invalid_request_error"",""message"":""messages.0.content.0.image.source.base64.data: Image format image/jpeg not supported""},""request_id"":""req_011Cba6VE6H3qWQsVuxVFYBK""}"
24,24_running_crowd.jpg,Running crowd,"chaotic, urgent, overwhelming",multi_object,track_3_clip_sbert_mood,,,,,,,,,"ERROR: Anthropic HTTP error 400: {""type"":""error"",""error"":{""type"":""invalid_request_error"",""message"":""messages.0.content.0.image.source.base64.data: Image format image/jpeg not supported""},""request_id"":""req_011Cba6VqaxnFU3W495oZRhC""}"
24,24_running_crowd.jpg,Running crowd,"chaotic, urgent, overwhelming",multi_object,track_4_handcrafted_cv,,,,,,,,,"ERROR: Anthropic HTTP error 400: {""type"":""error"",""error"":{""type"":""invalid_request_error"",""message"":""messages.0.content.0.image.source.base64.data: Image format image/jpeg not supported""},""request_id"":""req_011Cba6WUL4dg8oveKYkzhwS""}"
24,24_running_crowd.jpg,Running crowd,"chaotic, urgent, overwhelming",multi_object,rerank_retrieve,,,,,,,,,"ERROR: Anthropic HTTP error 400: {""type"":""error"",""error"":{""type"":""invalid_request_error"",""message"":""messages.0.content.0.image.source.base64.data: Image format image/jpeg not supported""},""request_id"":""req_011Cba6XaZPM8FGE8g4R9rBY""}"
25,25_crouching_child.jpg,Crouching child,"tense, vulnerable, political",multi_object,track_1_clip_semantic,,,,,,,,,"ERROR: Anthropic HTTP error 400: {""type"":""error"",""error"":{""type"":""invalid_request_error"",""message"":""messages.0.content.0.image.source.base64.data: Image format image/jpeg not supported""},""request_id"":""req_011Cba6YC6ZMTT3qg23fTis6""}"
25,25_crouching_child.jpg,Crouching child,"tense, vulnerable, political",multi_object,track_2_blip_caption,,,,,,,,,"ERROR: Anthropic HTTP error 400: {""type"":""error"",""error"":{""type"":""invalid_request_error"",""message"":""messages.0.content.0.image.source.base64.data: Image format image/jpeg not supported""},""request_id"":""req_011Cba6ZE7P93K5CzN4m1bCk""}"
25,25_crouching_child.jpg,Crouching child,"tense, vulnerable, political",multi_object,track_3_clip_sbert_mood,,,,,,,,,"ERROR: Anthropic HTTP error 400: {""type"":""error"",""error"":{""type"":""invalid_request_error"",""message"":""messages.0.content.0.image.source.base64.data: Image format image/jpeg not supported""},""request_id"":""req_011Cba6ZqLhPPgTnHTeFFUSf""}"
25,25_crouching_child.jpg,Crouching child,"tense, vulnerable, political",multi_object,track_4_handcrafted_cv,,,,,,,,,"ERROR: Anthropic HTTP error 400: {""type"":""error"",""error"":{""type"":""invalid_request_error"",""message"":""messages.0.content.0.image.source.base64.data: Image format image/jpeg not supported""},""request_id"":""req_011Cba6aYe8PrDzjXC9YHJSX""}"
25,25_crouching_child.jpg,Crouching child,"tense, vulnerable, political",multi_object,rerank_retrieve,,,,,,,,,"ERROR: Anthropic HTTP error 400: {""type"":""error"",""error"":{""type"":""invalid_request_error"",""message"":""messages.0.content.0.image.source.base64.data: Image format image/jpeg not supported""},""request_id"":""req_011Cba6bfrzQrAkNdqmPqJMA""}"
